layer_id,name,phi_1,phi_5,phi_10,M_tr,M_tr_frac,num_evals_pos,alpha,alpha_weighted,num_pl_spikes,rand_num_spikes,lambda_max,Q,n_traps_isolated
4,conv,,,,,,0,3.6944351550269943,0.2743796632589269,9,30,1.186501704009241,32.0,0
13,conv,,,,,,0,2.2521686951967657,-0.41745224202665526,66,35,0.6525958804762435,1.0,0
18,conv,,,,,,0,2.157193045549173,-1.5262332095034263,125,25,0.1961061131964112,1.0,0
26,conv,,,,,,0,2.3309138867361785,-2.0645134369735736,229,36,0.13010384434648867,2.0,0
31,conv,,,,,,0,2.393963974591612,-1.5097109833636693,86,83,0.23408183325197035,1.0,0
38,conv,,,,,,0,1.730853450989644,-1.1329660260761587,21,0,0.22152832254099947,2.0,0
43,conv,,,,,,0,2.5558981000700336,-1.3069800475090887,153,53,0.3080644375279646,1.0,0
48,conv,,,,,,0,2.250447113705607,-1.286062145664641,257,55,0.26824422755158167,1.0,0
54,conv,,,,,,0,2.162528473020232,-0.6415655816943512,291,63,0.5050404701145804,1.0,0
59,conv,,,,,,0,2.1060434310269107,-0.8189560242408813,280,66,0.4084510450423429,1.0,0
67,conv,,,,,,0,3.0981015054363743,-3.199248756337609,127,98,0.09275810342100216,2.0,0
72,conv,,,,,,0,2.4954333793949632,-1.4899726964779605,372,94,0.25288336787729077,1.0,0
79,conv,,,,,,0,2.000794953727186,-1.5014642976139705,25,5,0.17765037611273918,2.0,0
84,conv,,,,,,0,3.450694324002374,-3.2476795811439776,250,28,0.11450725734605499,1.0,0
89,conv,,,,,,0,3.3883493056428575,-4.0011695961973395,290,28,0.06593848827993687,1.0,0
95,conv,,,,,,0,2.825361603375767,-2.0651532769104084,353,53,0.18580861741895446,1.0,0
100,conv,,,,,,0,2.5773458824874766,-2.1798125476030936,454,79,0.14264000989756037,1.0,0
106,conv,,,,,,0,2.23957792123183,-0.9583850405543501,544,99,0.3733093790064391,1.0,0
111,conv,,,,,,0,2.2703653980858185,-0.8980490602844032,557,119,0.40220488897405265,1.0,0
119,conv,,,,,,0,2.765686928173367,-1.2542012303793395,422,196,0.3519764967710395,2.0,0
124,conv,,,,,,0,2.9768697860719877,-1.0221156340111217,499,137,0.45357333658391813,1.0,0
131,conv,,,,,,0,1.8099308589259004,-1.406881524737,64,1,0.16698893568503367,2.0,0
136,conv,,,,,,0,16.021637086449758,-27.766351669971005,14,10,0.018490415046220697,1.0,0
141,conv,,,,,,0,4.28597838302278,-7.462994854199913,179,13,0.018144367561046825,1.0,0
147,conv,,,,,,0,7.344457813477306,-12.883322163850504,52,12,0.017613446752082446,1.0,0
152,conv,,,,,,0,7.172113392472951,-13.768978476328835,132,15,0.012028355311132336,1.0,0
158,conv,,,,,,0,4.42193222787621,-7.628254860347913,236,31,0.018832354435337935,1.0,0
163,conv,,,,,,0,3.6024991717677626,-5.114092911703465,342,31,0.03805433521520201,1.0,0
169,conv,,,,,,0,3.640346557074917,-4.527447660895647,349,57,0.057057679656471495,1.0,0
174,conv,,,,,,0,4.094790672344859,-4.869646057696795,355,67,0.06468006574310088,1.0,0
180,conv,,,,,,0,3.3139275178889296,-3.271292517198423,556,112,0.10300668227455281,1.0,0
185,conv,,,,,,0,3.2521671587727345,-2.890637651120801,508,130,0.1291712080318929,1.0,0
193,conv,,,,,,0,2.6358038750225186,-0.7366716112240977,607,453,0.5254283424611845,1.25,0
198,conv,,,,,,0,2.5866055636408314,-1.3869936539693815,584,166,0.2909232605798128,1.0,0
205,conv,,,,,,0,2.519375689541829,-1.3860608792616729,32,5,0.28173418309638903,1.25,0
210,conv,,,,,,0,4.819608097487601,-8.936464509933096,82,112,0.013989782428312902,1.0,0
215,conv,,,,,,0,2.9454558361195113,-5.406771163376898,243,122,0.01460052994193901,1.0,0
221,conv,,,,,,0,3.4474768088603924,-7.624460983241114,206,94,0.006143188328592355,1.0,0
226,conv,,,,,,0,3.412530333343476,-6.995680612789469,178,131,0.008912548894594004,1.0,0
232,conv,,,,,,0,3.4449827054237563,-7.186320245127323,117,138,0.008203042144215262,1.0,0
237,conv,,,,,,0,2.758880035391445,-5.497656701952307,207,175,0.010169199938225402,1.0,0
243,conv,,,,,,0,3.7432868528275383,-7.44297301528763,206,86,0.010271827138193915,1.0,0
248,conv,,,,,,0,3.494566046648429,-6.985512614590929,195,83,0.01002387736712819,1.0,0
254,conv,,,,,,0,3.093098032952343,-4.79701643662011,263,131,0.028126934743390317,1.0,0
259,conv,,,,,,0,2.7460300365929866,-4.597346348236383,248,152,0.021174872688609007,1.0,0
267,conv,,,,,,0,1.7607682063262007,-4.591495870563443,135,354,0.002467935041933841,1.0,0
272,conv,,,,,,0,1.6431251957416655,-4.882606200890216,110,441,0.001067735489060313,1.0,0
280,conv,,,,,,0,-1.0,4.955320670713323,-1,387,1.1083561343572173e-05,1.0,0
285,conv,,,,,,0,-1.0,5.68333645694327,-1,223,2.07330666142778e-06,1.0,0
291,conv,,,,,,0,-1.0,7.214237860556735,-1,454,6.106075071340892e-08,1.0,0
296,conv,,,,,,0,-1.0,7.4187057110753525,-1,123,3.813241307411243e-08,1.0,0
302,conv,,,,,,0,-1.0,9.350242945050132,-1,506,4.464337864894705e-10,1.0,0
307,conv,,,,,,0,-1.0,9.795183882337605,-1,303,1.6025667126970562e-10,1.0,0
313,conv,,,,,,0,1.6014269395569352,-3.5436632495879836,135,466,0.006126098010503295,1.0,0
318,conv,,,,,,0,3.0387936496652026,-7.488265909581797,18,291,0.003433814006103682,1.0,0
324,conv,,,,,,0,3.7739053555499558,-14.259541332993546,26,478,0.00016654914611238927,1.0,0
329,conv,,,,,,0,5.2309518502795544,-24.24364090500385,10,150,2.319252882868086e-05,1.0,0
337,conv,,,,,,0,-1.0,11.743565734909623,-1,320,1.8048215382658847e-12,1.0,0
342,conv,,,,,,0,-1.0,11.4741140887112,-1,258,3.3564942790268744e-12,1.0,0
350,conv,,,,,,0,-1.0,11.807003638303506,-1,202,1.559539437725262e-12,1.0,0
355,conv,,,,,,0,-1.0,11.644535583334076,-1,390,2.2670673204246213e-12,1.0,0
361,conv,,,,,,0,-1.0,11.84728027033997,-1,189,1.4214111886092114e-12,1.0,0
366,conv,,,,,,0,-1.0,11.824389870268924,-1,427,1.49833915832833e-12,1.0,0
372,conv,,,,,,0,-1.0,11.749015737451119,-1,218,1.7823141808791124e-12,1.0,0
377,conv,,,,,,0,-1.0,11.666750440836418,-1,392,2.1540191457906714e-12,1.0,0
383,conv,,,,,,0,-1.0,11.791603769290827,-1,175,1.615832096898993e-12,1.0,0
388,conv,,,,,,0,-1.0,11.758617547068017,-1,501,1.7433414371025833e-12,1.0,0
394,conv,,,,,,0,-1.0,11.770357306856706,-1,264,1.6968470320085461e-12,1.0,0
399,conv,,,,,,0,-1.0,11.778712069489597,-1,366,1.6645158328322797e-12,1.0,0
